datetime,stage_m
2024-09-07 00:00,14.5
2024-09-07 01:00,14.54
2024-09-07 02:00,14.58
2024-09-07 03:00,14.62
2024-09-07 04:00,14.67
2024-09-07 05:00,14.71
2024-09-07 06:00,14.75
2024-09-07 07:00,14.79
2024-09-07 08:00,14.83
2024-09-07 09:00,14.88
2024-09-07 10:00,14.92
2024-09-07 11:00,14.96
2024-09-07 12:00,15.0
2024-09-07 13:00,15.04
2024-09-07 14:00,15.08
2024-09-07 15:00,15.12
2024-09-07 16:00,15.17
2024-09-07 17:00,15.21
2024-09-07 18:00,15.25
2024-09-07 19:00,15.29
2024-09-07 20:00,15.33
2024-09-07 21:00,15.38
2024-09-07 22:00,15.42
2024-09-07 23:00,15.46
2024-09-08 00:00,15.5
2024-09-08 01:00,15.55
2024-09-08 02:00,15.59
2024-09-08 03:00,15.64
2024-09-08 04:00,15.68
2024-09-08 05:00,15.73
2024-09-08 06:00,15.78
2024-09-08 07:00,15.82
2024-09-08 08:00,15.87
2024-09-08 09:00,15.91
2024-09-08 10:00,15.96
2024-09-08 11:00,16.0
2024-09-08 12:00,16.05
2024-09-08 13:00,16.1
2024-09-08 14:00,16.14
2024-09-08 15:00,16.19
2024-09-08 16:00,16.23
2024-09-08 17:00,16.28
2024-09-08 18:00,16.33
2024-09-08 19:00,16.37
2024-09-08 20:00,16.42
2024-09-08 21:00,16.46
2024-09-08 22:00,16.51
2024-09-08 23:00,16.55
2024-09-09 00:00,16.6
2024-09-09 01:00,16.64
2024-09-09 02:00,16.68
2024-09-09 03:00,16.73
2024-09-09 04:00,16.77
2024-09-09 05:00,16.81
2024-09-09 06:00,16.85
2024-09-09 07:00,16.89
2024-09-09 08:00,16.93
2024-09-09 09:00,16.98
2024-09-09 10:00,17.02
2024-09-09 11:00,17.06
2024-09-09 12:00,17.1
2024-09-09 13:00,17.14
2024-09-09 14:00,17.18
2024-09-09 15:00,17.23
2024-09-09 16:00,17.27
2024-09-09 17:00,17.31
2024-09-09 18:00,17.35
2024-09-09 19:00,17.39
2024-09-09 20:00,17.43
2024-09-09 21:00,17.48
2024-09-09 22:00,17.52
2024-09-09 23:00,17.56
2024-09-10 00:00,17.6
2024-09-10 01:00,17.63
2024-09-10 02:00,17.66
2024-09-10 03:00,17.69
2024-09-10 04:00,17.72
2024-09-10 05:00,17.75
2024-09-10 06:00,17.79
2024-09-10 07:00,17.82
2024-09-10 08:00,17.85
2024-09-10 09:00,17.88
2024-09-10 10:00,17.91
2024-09-10 11:00,17.94
2024-09-10 12:00,17.97
2024-09-10 13:00,18.0
2024-09-10 14:00,18.03
2024-09-10 15:00,18.06
2024-09-10 16:00,18.09
2024-09-10 17:00,18.12
2024-09-10 18:00,18.16
2024-09-10 19:00,18.19
2024-09-10 20:00,18.22
2024-09-10 21:00,18.25
2024-09-10 22:00,18.28
2024-09-10 23:00,18.31
2024-09-11 00:00,18.34
2024-09-11 01:00,18.3
2024-09-11 02:00,18.26
2024-09-11 03:00,18.23
2024-09-11 04:00,18.19
2024-09-11 05:00,18.15
2024-09-11 06:00,18.11
2024-09-11 07:00,18.07
2024-09-11 08:00,18.03
2024-09-11 09:00,18.0
2024-09-11 10:00,17.96
2024-09-11 11:00,17.92
2024-09-11 12:00,17.88
2024-09-11 13:00,17.84
2024-09-11 14:00,17.8
2024-09-11 15:00,17.77
2024-09-11 16:00,17.73
2024-09-11 17:00,17.69
2024-09-11 18:00,17.65
2024-09-11 19:00,17.61
2024-09-11 20:00,17.57
2024-09-11 21:00,17.54
2024-09-11 22:00,17.5
2024-09-11 23:00,17.46
2024-09-12 00:00,17.42
2024-09-12 01:00,17.38
2024-09-12 02:00,17.34
2024-09-12 03:00,17.3
2024-09-12 04:00,17.27
2024-09-12 05:00,17.23
2024-09-12 06:00,17.19
2024-09-12 07:00,17.15
2024-09-12 08:00,17.11
2024-09-12 09:00,17.08
2024-09-12 10:00,17.04
2024-09-12 11:00,17.0
2024-09-12 12:00,16.96
2024-09-12 13:00,16.92
2024-09-12 14:00,16.88
2024-09-12 15:00,16.84
2024-09-12 16:00,16.81
2024-09-12 17:00,16.77
2024-09-12 18:00,16.73
2024-09-12 19:00,16.69
2024-09-12 20:00,16.65
2024-09-12 21:00,16.62
2024-09-12 22:00,16.58
2024-09-12 23:00,16.54
2024-09-13 00:00,16.5
2024-09-13 01:00,16.47
2024-09-13 02:00,16.44
2024-09-13 03:00,16.41
2024-09-13 04:00,16.38
2024-09-13 05:00,16.35
2024-09-13 06:00,16.32
2024-09-13 07:00,16.3
2024-09-13 08:00,16.27
2024-09-13 09:00,16.24
2024-09-13 10:00,16.21
2024-09-13 11:00,16.18
2024-09-13 12:00,16.15
2024-09-13 13:00,16.12
2024-09-13 14:00,16.09
2024-09-13 15:00,16.06
2024-09-13 16:00,16.03
2024-09-13 17:00,16.0
2024-09-13 18:00,15.98
2024-09-13 19:00,15.95
2024-09-13 20:00,15.92
2024-09-13 21:00,15.89
2024-09-13 22:00,15.86
2024-09-13 23:00,15.83
2024-09-14 00:00,15.8
2024-09-14 01:00,15.78
2024-09-14 02:00,15.75
2024-09-14 03:00,15.73
2024-09-14 04:00,15.7
2024-09-14 05:00,15.68
2024-09-14 06:00,15.65
2024-09-14 07:00,15.62
2024-09-14 08:00,15.6
2024-09-14 09:00,15.57
2024-09-14 10:00,15.55
2024-09-14 11:00,15.53
2024-09-14 12:00,15.5
2024-09-14 13:00,15.47
2024-09-14 14:00,15.45
2024-09-14 15:00,15.43
2024-09-14 16:00,15.4
2024-09-14 17:00,15.38
2024-09-14 18:00,15.35
2024-09-14 19:00,15.32
2024-09-14 20:00,15.3
2024-09-14 21:00,15.27
2024-09-14 22:00,15.25
2024-09-14 23:00,15.22
2024-09-15 00:00,15.2
2024-09-15 01:00,15.18
2024-09-15 02:00,15.17
2024-09-15 03:00,15.15
2024-09-15 04:00,15.13
2024-09-15 05:00,15.12
2024-09-15 06:00,15.1
2024-09-15 07:00,15.08
2024-09-15 08:00,15.07
2024-09-15 09:00,15.05
2024-09-15 10:00,15.03
2024-09-15 11:00,15.02
2024-09-15 12:00,15.0
2024-09-15 13:00,14.98
2024-09-15 14:00,14.97
2024-09-15 15:00,14.95
2024-09-15 16:00,14.93
2024-09-15 17:00,14.92
2024-09-15 18:00,14.9
2024-09-15 19:00,14.88
2024-09-15 20:00,14.87
2024-09-15 21:00,14.85
2024-09-15 22:00,14.83
2024-09-15 23:00,14.82
2024-09-16 00:00,14.8
2024-09-16 01:00,14.78
2024-09-16 02:00,14.77
2024-09-16 03:00,14.75
2024-09-16 04:00,14.73
2024-09-16 05:00,14.72
2024-09-16 06:00,14.7
2024-09-16 07:00,14.68
2024-09-16 08:00,14.67
2024-09-16 09:00,14.65
2024-09-16 10:00,14.63
2024-09-16 11:00,14.62
2024-09-16 12:00,14.6
2024-09-16 13:00,14.58
2024-09-16 14:00,14.57
2024-09-16 15:00,14.55
2024-09-16 16:00,14.53
2024-09-16 17:00,14.52
2024-09-16 18:00,14.5
2024-09-16 19:00,14.48
2024-09-16 20:00,14.47
2024-09-16 21:00,14.45
2024-09-16 22:00,14.43
2024-09-16 23:00,14.42
2024-09-17 00:00,14.4
2024-09-17 01:00,14.39
2024-09-17 02:00,14.38
2024-09-17 03:00,14.36
2024-09-17 04:00,14.35
2024-09-17 05:00,14.34
2024-09-17 06:00,14.32
2024-09-17 07:00,14.31
2024-09-17 08:00,14.3
2024-09-17 09:00,14.29
2024-09-17 10:00,14.28
2024-09-17 11:00,14.26
2024-09-17 12:00,14.25
2024-09-17 13:00,14.24
2024-09-17 14:00,14.22
2024-09-17 15:00,14.21
2024-09-17 16:00,14.2
2024-09-17 17:00,14.19
2024-09-17 18:00,14.18
2024-09-17 19:00,14.16
2024-09-17 20:00,14.15
2024-09-17 21:00,14.14
2024-09-17 22:00,14.12
2024-09-17 23:00,14.11
2024-09-18 00:00,14.1
2024-09-18 01:00,14.09
2024-09-18 02:00,14.07
2024-09-18 03:00,14.06
2024-09-18 04:00,14.05
2024-09-18 05:00,14.04
2024-09-18 06:00,14.03
2024-09-18 07:00,14.01
2024-09-18 08:00,14.0
2024-09-18 09:00,13.99
2024-09-18 10:00,13.97
2024-09-18 11:00,13.96
2024-09-18 12:00,13.95
2024-09-18 13:00,13.94
2024-09-18 14:00,13.93
2024-09-18 15:00,13.91
2024-09-18 16:00,13.9
2024-09-18 17:00,13.89
2024-09-18 18:00,13.88
2024-09-18 19:00,13.86
2024-09-18 20:00,13.85
2024-09-18 21:00,13.84
2024-09-18 22:00,13.83
2024-09-18 23:00,13.81
2024-09-19 00:00,13.8
2024-09-19 01:00,13.79
2024-09-19 02:00,13.78
2024-09-19 03:00,13.78
2024-09-19 04:00,13.77
2024-09-19 05:00,13.76
2024-09-19 06:00,13.75
2024-09-19 07:00,13.74
2024-09-19 08:00,13.73
2024-09-19 09:00,13.72
2024-09-19 10:00,13.72
2024-09-19 11:00,13.71
2024-09-19 12:00,13.7
2024-09-19 13:00,13.69
2024-09-19 14:00,13.68
2024-09-19 15:00,13.68
2024-09-19 16:00,13.67
2024-09-19 17:00,13.66
2024-09-19 18:00,13.65
2024-09-19 19:00,13.64
2024-09-19 20:00,13.63
2024-09-19 21:00,13.62
2024-09-19 22:00,13.62
2024-09-19 23:00,13.61
2024-09-20 00:00,13.6
2024-09-20 01:00,13.59
2024-09-20 02:00,13.58
2024-09-20 03:00,13.57
2024-09-20 04:00,13.57
2024-09-20 05:00,13.56
2024-09-20 06:00,13.55
2024-09-20 07:00,13.54
2024-09-20 08:00,13.53
2024-09-20 09:00,13.53
2024-09-20 10:00,13.52
2024-09-20 11:00,13.51
2024-09-20 12:00,13.5
2024-09-20 13:00,13.49
2024-09-20 14:00,13.48
2024-09-20 15:00,13.47
2024-09-20 16:00,13.47
2024-09-20 17:00,13.46
2024-09-20 18:00,13.45
2024-09-20 19:00,13.44
2024-09-20 20:00,13.43
2024-09-20 21:00,13.43
2024-09-20 22:00,13.42
2024-09-20 23:00,13.41
2024-09-21 00:00,13.4
2024-09-21 01:00,13.4
2024-09-21 02:00,13.39
2024-09-21 03:00,13.39
2024-09-21 04:00,13.38
2024-09-21 05:00,13.38
2024-09-21 06:00,13.38
2024-09-21 07:00,13.37
2024-09-21 08:00,13.37
2024-09-21 09:00,13.36
2024-09-21 10:00,13.36
2024-09-21 11:00,13.35
2024-09-21 12:00,13.35
2024-09-21 13:00,13.35
2024-09-21 14:00,13.34
2024-09-21 15:00,13.34
2024-09-21 16:00,13.33
2024-09-21 17:00,13.33
2024-09-21 18:00,13.33
2024-09-21 19:00,13.32
2024-09-21 20:00,13.32
2024-09-21 21:00,13.31
2024-09-21 22:00,13.31
2024-09-21 23:00,13.3
2024-09-22 00:00,13.3
